Repository,Tag Name,Release Name,Published At,Author,Is Prerelease,Year,Month,Week Number,Day of Week
daangn/stackflow,@stackflow/plugin-basic-ui@1.4.1,@stackflow/plugin-basic-ui@1.4.1,2023-12-01T04:16:25.000Z,github-actions[bot],false,2023,12,48,5
daangn/stackflow,@stackflow/core@1.0.9,@stackflow/core@1.0.9,2023-12-22T13:48:37.000Z,github-actions[bot],false,2023,12,51,5
daangn/stackflow,@stackflow/compat-await-push@1.1.6,@stackflow/compat-await-push@1.1.6,2023-12-22T13:48:40.000Z,github-actions[bot],false,2023,12,51,5
daangn/stackflow,@stackflow/plugin-basic-ui@1.4.2,@stackflow/plugin-basic-ui@1.4.2,2023-12-22T13:48:43.000Z,github-actions[bot],false,2023,12,51,5
daangn/stackflow,@stackflow/link@1.3.15,@stackflow/link@1.3.15,2023-12-22T13:48:46.000Z,github-actions[bot],false,2023,12,51,5
daangn/stackflow,@stackflow/plugin-devtools@0.1.7,@stackflow/plugin-devtools@0.1.7,2023-12-22T13:48:49.000Z,github-actions[bot],false,2023,12,51,5
daangn/stackflow,@stackflow/plugin-google-analytics-4@1.1.8,@stackflow/plugin-google-analytics-4@1.1.8,2023-12-22T13:48:52.000Z,github-actions[bot],false,2023,12,51,5
daangn/stackflow,@stackflow/plugin-history-sync@1.3.14,@stackflow/plugin-history-sync@1.3.14,2023-12-22T13:48:55.000Z,github-actions[bot],false,2023,12,51,5
daangn/stackflow,@stackflow/plugin-preload@1.2.14,@stackflow/plugin-preload@1.2.14,2023-12-22T13:48:58.000Z,github-actions[bot],false,2023,12,51,5
daangn/stackflow,@stackflow/plugin-renderer-basic@1.1.6,@stackflow/plugin-renderer-basic@1.1.6,2023-12-22T13:49:01.000Z,github-actions[bot],false,2023,12,51,5
daangn/stackflow,@stackflow/plugin-renderer-web@1.1.6,@stackflow/plugin-renderer-web@1.1.6,2023-12-22T13:49:04.000Z,github-actions[bot],false,2023,12,51,5
daangn/stackflow,@stackflow/plugin-map-initial-activity@1.0.4,@stackflow/plugin-map-initial-activity@1.0.4,2023-12-22T13:49:07.000Z,github-actions[bot],false,2023,12,51,5
daangn/stackflow,@stackflow/plugin-stack-depth-change@1.1.0,@stackflow/plugin-stack-depth-change@1.1.0,2023-12-22T13:49:10.000Z,github-actions[bot],false,2023,12,51,5
daangn/stackflow,@stackflow/react@1.1.6,@stackflow/react@1.1.6,2023-12-22T13:49:13.000Z,github-actions[bot],false,2023,12,51,5
daangn/stackflow,@stackflow/esbuild-config@1.0.1,@stackflow/esbuild-config@1.0.1,2023-12-22T13:49:16.000Z,github-actions[bot],false,2023,12,51,5
daangn/stackflow,@stackflow/eslint-config@1.0.2,@stackflow/eslint-config@1.0.2,2023-12-22T13:49:19.000Z,github-actions[bot],false,2023,12,51,5
daangn/stackflow,@stackflow/plugin-basic-ui@1.5.0,@stackflow/plugin-basic-ui@1.5.0,2023-12-23T14:08:05.000Z,github-actions[bot],false,2023,12,51,6
daangn/stackflow,@stackflow/plugin-basic-ui@1.5.1,@stackflow/plugin-basic-ui@1.5.1,2024-01-16T09:26:15.000Z,github-actions[bot],false,2024,1,3,2
daangn/stackflow,@stackflow/plugin-history-sync@1.3.15,@stackflow/plugin-history-sync@1.3.15,2024-01-16T14:41:55.000Z,github-actions[bot],false,2024,1,3,2
daangn/stackflow,@stackflow/plugin-stack-depth-change@1.1.1,@stackflow/plugin-stack-depth-change@1.1.1,2024-01-20T12:49:49.000Z,github-actions[bot],false,2024,1,3,6
daangn/stackflow,@stackflow/plugin-history-sync@1.3.16,@stackflow/plugin-history-sync@1.3.16,2024-01-22T03:48:20.000Z,github-actions[bot],false,2024,1,4,1
daangn/stackflow,@stackflow/plugin-history-sync@1.3.17,@stackflow/plugin-history-sync@1.3.17,2024-01-22T20:16:04.000Z,github-actions[bot],false,2024,1,4,2
daangn/stackflow,@stackflow/core@1.0.10,@stackflow/core@1.0.10,2024-01-30T10:12:31.000Z,github-actions[bot],false,2024,1,5,2
daangn/stackflow,@stackflow/compat-await-push@1.1.7,@stackflow/compat-await-push@1.1.7,2024-01-30T10:12:34.000Z,github-actions[bot],false,2024,1,5,2
daangn/stackflow,@stackflow/link@1.3.16,@stackflow/link@1.3.16,2024-01-30T10:12:37.000Z,github-actions[bot],false,2024,1,5,2
daangn/stackflow,@stackflow/plugin-basic-ui@1.5.2,@stackflow/plugin-basic-ui@1.5.2,2024-01-30T10:12:40.000Z,github-actions[bot],false,2024,1,5,2
daangn/stackflow,@stackflow/plugin-devtools@0.1.8,@stackflow/plugin-devtools@0.1.8,2024-01-30T10:12:43.000Z,github-actions[bot],false,2024,1,5,2
daangn/stackflow,@stackflow/plugin-google-analytics-4@1.1.9,@stackflow/plugin-google-analytics-4@1.1.9,2024-01-30T10:12:47.000Z,github-actions[bot],false,2024,1,5,2
daangn/stackflow,@stackflow/plugin-history-sync@1.3.18,@stackflow/plugin-history-sync@1.3.18,2024-01-30T10:12:49.000Z,github-actions[bot],false,2024,1,5,2
daangn/stackflow,@stackflow/plugin-map-initial-activity@1.0.5,@stackflow/plugin-map-initial-activity@1.0.5,2024-01-30T10:12:52.000Z,github-actions[bot],false,2024,1,5,2
daangn/stackflow,@stackflow/plugin-preload@1.2.15,@stackflow/plugin-preload@1.2.15,2024-01-30T10:12:56.000Z,github-actions[bot],false,2024,1,5,2
daangn/stackflow,@stackflow/plugin-renderer-basic@1.1.7,@stackflow/plugin-renderer-basic@1.1.7,2024-01-30T10:12:58.000Z,github-actions[bot],false,2024,1,5,2
daangn/stackflow,@stackflow/plugin-renderer-web@1.1.7,@stackflow/plugin-renderer-web@1.1.7,2024-01-30T10:13:01.000Z,github-actions[bot],false,2024,1,5,2
daangn/stackflow,@stackflow/react@1.1.7,@stackflow/react@1.1.7,2024-01-30T10:13:04.000Z,github-actions[bot],false,2024,1,5,2
daangn/stackflow,@stackflow/plugin-stack-depth-change@1.1.2,@stackflow/plugin-stack-depth-change@1.1.2,2024-01-30T10:13:07.000Z,github-actions[bot],false,2024,1,5,2
daangn/stackflow,@stackflow/compat-await-push@1.1.8,@stackflow/compat-await-push@1.1.8,2024-02-13T10:25:36.000Z,github-actions[bot],false,2024,2,7,2
daangn/stackflow,@stackflow/link@1.4.0,@stackflow/link@1.4.0,2024-02-13T10:25:39.000Z,github-actions[bot],false,2024,2,7,2
daangn/stackflow,@stackflow/plugin-basic-ui@1.5.3,@stackflow/plugin-basic-ui@1.5.3,2024-02-13T10:25:42.000Z,github-actions[bot],false,2024,2,7,2
daangn/stackflow,@stackflow/plugin-google-analytics-4@1.1.10,@stackflow/plugin-google-analytics-4@1.1.10,2024-02-13T10:25:45.000Z,github-actions[bot],false,2024,2,7,2
daangn/stackflow,@stackflow/plugin-history-sync@1.4.0,@stackflow/plugin-history-sync@1.4.0,2024-02-13T10:25:48.000Z,github-actions[bot],false,2024,2,7,2
daangn/stackflow,@stackflow/plugin-map-initial-activity@1.0.6,@stackflow/plugin-map-initial-activity@1.0.6,2024-02-13T10:25:51.000Z,github-actions[bot],false,2024,2,7,2
daangn/stackflow,@stackflow/plugin-preload@1.3.0,@stackflow/plugin-preload@1.3.0,2024-02-13T10:25:54.000Z,github-actions[bot],false,2024,2,7,2
daangn/stackflow,@stackflow/plugin-renderer-basic@1.1.8,@stackflow/plugin-renderer-basic@1.1.8,2024-02-13T10:25:58.000Z,github-actions[bot],false,2024,2,7,2
daangn/stackflow,@stackflow/plugin-renderer-web@1.1.8,@stackflow/plugin-renderer-web@1.1.8,2024-02-13T10:26:01.000Z,github-actions[bot],false,2024,2,7,2
daangn/stackflow,@stackflow/react@1.1.8,@stackflow/react@1.1.8,2024-02-13T10:26:03.000Z,github-actions[bot],false,2024,2,7,2
daangn/stackflow,@stackflow/plugin-basic-ui@1.6.0,@stackflow/plugin-basic-ui@1.6.0,2024-05-22T08:10:50.000Z,github-actions[bot],false,2024,5,21,3
daangn/stackflow,@stackflow/plugin-history-sync@1.5.0,@stackflow/plugin-history-sync@1.5.0,2024-05-22T08:10:53.000Z,github-actions[bot],false,2024,5,21,3
daangn/stackflow,@stackflow/react@1.1.9,@stackflow/react@1.1.9,2024-05-24T05:14:04.000Z,github-actions[bot],false,2024,5,21,5
daangn/stackflow,@stackflow/plugin-basic-ui@1.7.0,@stackflow/plugin-basic-ui@1.7.0,2024-05-28T01:17:17.000Z,github-actions[bot],false,2024,5,22,2
daangn/stackflow,@stackflow/core@1.0.11,@stackflow/core@1.0.11,2024-07-09T09:38:26.000Z,github-actions[bot],false,2024,7,28,2
daangn/stackflow,@stackflow/plugin-history-sync@1.5.1,@stackflow/plugin-history-sync@1.5.1,2024-07-09T09:38:29.000Z,github-actions[bot],false,2024,7,28,2
daangn/stackflow,@stackflow/core@1.0.12,@stackflow/core@1.0.12,2024-07-22T05:03:37.000Z,github-actions[bot],false,2024,7,30,1
daangn/stackflow,@stackflow/compat-await-push@1.1.9,@stackflow/compat-await-push@1.1.9,2024-07-22T05:03:40.000Z,github-actions[bot],false,2024,7,30,1
daangn/stackflow,@stackflow/link@1.4.1,@stackflow/link@1.4.1,2024-07-22T05:03:43.000Z,github-actions[bot],false,2024,7,30,1
daangn/stackflow,@stackflow/plugin-basic-ui@1.8.0,@stackflow/plugin-basic-ui@1.8.0,2024-07-22T05:03:46.000Z,github-actions[bot],false,2024,7,30,1
daangn/stackflow,@stackflow/plugin-google-analytics-4@1.1.11,@stackflow/plugin-google-analytics-4@1.1.11,2024-07-22T05:03:49.000Z,github-actions[bot],false,2024,7,30,1
daangn/stackflow,@stackflow/plugin-devtools@0.1.9,@stackflow/plugin-devtools@0.1.9,2024-07-22T05:03:52.000Z,github-actions[bot],false,2024,7,30,1
daangn/stackflow,@stackflow/plugin-map-initial-activity@1.0.7,@stackflow/plugin-map-initial-activity@1.0.7,2024-07-22T05:03:55.000Z,github-actions[bot],false,2024,7,30,1
daangn/stackflow,@stackflow/plugin-history-sync@1.5.2,@stackflow/plugin-history-sync@1.5.2,2024-07-22T05:03:58.000Z,github-actions[bot],false,2024,7,30,1
daangn/stackflow,@stackflow/plugin-preload@1.3.1,@stackflow/plugin-preload@1.3.1,2024-07-22T05:04:01.000Z,github-actions[bot],false,2024,7,30,1
daangn/stackflow,@stackflow/plugin-renderer-basic@1.1.9,@stackflow/plugin-renderer-basic@1.1.9,2024-07-22T05:04:04.000Z,github-actions[bot],false,2024,7,30,1
daangn/stackflow,@stackflow/plugin-renderer-web@1.1.9,@stackflow/plugin-renderer-web@1.1.9,2024-07-22T05:04:07.000Z,github-actions[bot],false,2024,7,30,1
daangn/stackflow,@stackflow/plugin-stack-depth-change@1.1.3,@stackflow/plugin-stack-depth-change@1.1.3,2024-07-22T05:04:10.000Z,github-actions[bot],false,2024,7,30,1
daangn/stackflow,@stackflow/react@1.1.10,@stackflow/react@1.1.10,2024-07-22T05:04:13.000Z,github-actions[bot],false,2024,7,30,1
daangn/stackflow,@stackflow/esbuild-config@1.0.2,@stackflow/esbuild-config@1.0.2,2024-07-22T05:04:16.000Z,github-actions[bot],false,2024,7,30,1
daangn/stackflow,@stackflow/plugin-history-sync@1.5.3,@stackflow/plugin-history-sync@1.5.3,2024-07-23T01:35:18.000Z,github-actions[bot],false,2024,7,30,2
daangn/stackflow,@stackflow/plugin-basic-ui@1.8.1,@stackflow/plugin-basic-ui@1.8.1,2024-07-24T03:50:38.000Z,github-actions[bot],false,2024,7,30,3
daangn/stackflow,@stackflow/compat-await-push@1.1.10,@stackflow/compat-await-push@1.1.10,2024-07-25T08:36:41.000Z,github-actions[bot],false,2024,7,30,4
daangn/stackflow,@stackflow/link@1.4.2,@stackflow/link@1.4.2,2024-07-25T08:36:44.000Z,github-actions[bot],false,2024,7,30,4
daangn/stackflow,@stackflow/plugin-basic-ui@1.8.2,@stackflow/plugin-basic-ui@1.8.2,2024-07-25T08:36:47.000Z,github-actions[bot],false,2024,7,30,4
daangn/stackflow,@stackflow/core@1.0.13,@stackflow/core@1.0.13,2024-07-25T08:36:50.000Z,github-actions[bot],false,2024,7,30,4
daangn/stackflow,@stackflow/plugin-google-analytics-4@1.1.12,@stackflow/plugin-google-analytics-4@1.1.12,2024-07-25T08:36:53.000Z,github-actions[bot],false,2024,7,30,4
daangn/stackflow,@stackflow/plugin-devtools@0.1.10,@stackflow/plugin-devtools@0.1.10,2024-07-25T08:36:56.000Z,github-actions[bot],false,2024,7,30,4
daangn/stackflow,@stackflow/plugin-history-sync@1.5.4,@stackflow/plugin-history-sync@1.5.4,2024-07-25T08:36:59.000Z,github-actions[bot],false,2024,7,30,4
daangn/stackflow,@stackflow/plugin-map-initial-activity@1.0.8,@stackflow/plugin-map-initial-activity@1.0.8,2024-07-25T08:37:02.000Z,github-actions[bot],false,2024,7,30,4
daangn/stackflow,@stackflow/plugin-preload@1.3.2,@stackflow/plugin-preload@1.3.2,2024-07-25T08:37:05.000Z,github-actions[bot],false,2024,7,30,4
daangn/stackflow,@stackflow/plugin-renderer-web@1.1.10,@stackflow/plugin-renderer-web@1.1.10,2024-07-25T08:37:08.000Z,github-actions[bot],false,2024,7,30,4
daangn/stackflow,@stackflow/plugin-stack-depth-change@1.1.4,@stackflow/plugin-stack-depth-change@1.1.4,2024-07-25T08:37:11.000Z,github-actions[bot],false,2024,7,30,4
daangn/stackflow,@stackflow/plugin-renderer-basic@1.1.10,@stackflow/plugin-renderer-basic@1.1.10,2024-07-25T08:37:14.000Z,github-actions[bot],false,2024,7,30,4
daangn/stackflow,@stackflow/react@1.1.11,@stackflow/react@1.1.11,2024-07-25T08:37:17.000Z,github-actions[bot],false,2024,7,30,4
daangn/stackflow,@stackflow/esbuild-config@1.0.3,@stackflow/esbuild-config@1.0.3,2024-07-25T08:37:20.000Z,github-actions[bot],false,2024,7,30,4
daangn/stackflow,@stackflow/compat-await-push@1.1.11,@stackflow/compat-await-push@1.1.11,2024-07-31T10:06:35.000Z,github-actions[bot],false,2024,7,31,3
daangn/stackflow,@stackflow/config@1.1.0,@stackflow/config@1.1.0,2024-07-31T10:06:38.000Z,github-actions[bot],false,2024,7,31,3
daangn/stackflow,@stackflow/link@1.4.3,@stackflow/link@1.4.3,2024-07-31T10:06:41.000Z,github-actions[bot],false,2024,7,31,3
daangn/stackflow,@stackflow/plugin-basic-ui@1.8.3,@stackflow/plugin-basic-ui@1.8.3,2024-07-31T10:06:44.000Z,github-actions[bot],false,2024,7,31,3
daangn/stackflow,@stackflow/plugin-google-analytics-4@1.1.13,@stackflow/plugin-google-analytics-4@1.1.13,2024-07-31T10:06:47.000Z,github-actions[bot],false,2024,7,31,3
daangn/stackflow,@stackflow/plugin-history-sync@1.6.0,@stackflow/plugin-history-sync@1.6.0,2024-07-31T10:06:50.000Z,github-actions[bot],false,2024,7,31,3
daangn/stackflow,@stackflow/plugin-map-initial-activity@1.0.9,@stackflow/plugin-map-initial-activity@1.0.9,2024-07-31T10:06:53.000Z,github-actions[bot],false,2024,7,31,3
daangn/stackflow,@stackflow/plugin-preload@1.3.3,@stackflow/plugin-preload@1.3.3,2024-07-31T10:06:56.000Z,github-actions[bot],false,2024,7,31,3
daangn/stackflow,@stackflow/plugin-renderer-basic@1.1.11,@stackflow/plugin-renderer-basic@1.1.11,2024-07-31T10:06:59.000Z,github-actions[bot],false,2024,7,31,3
daangn/stackflow,@stackflow/plugin-renderer-web@1.1.11,@stackflow/plugin-renderer-web@1.1.11,2024-07-31T10:07:02.000Z,github-actions[bot],false,2024,7,31,3
daangn/stackflow,@stackflow/react@1.2.0,@stackflow/react@1.2.0,2024-07-31T10:07:05.000Z,github-actions[bot],false,2024,7,31,3
daangn/stackflow,@stackflow/react@1.2.1,@stackflow/react@1.2.1,2024-07-31T12:47:28.000Z,github-actions[bot],false,2024,7,31,3
daangn/stackflow,@stackflow/plugin-basic-ui@1.8.4,@stackflow/plugin-basic-ui@1.8.4,2024-08-02T01:22:03.000Z,github-actions[bot],false,2024,8,31,5
daangn/stackflow,@stackflow/plugin-preload@1.4.0,@stackflow/plugin-preload@1.4.0,2024-08-02T01:22:05.000Z,github-actions[bot],false,2024,8,31,5
daangn/stackflow,@stackflow/plugin-basic-ui@1.9.0,@stackflow/plugin-basic-ui@1.9.0,2024-08-08T02:42:06.000Z,github-actions[bot],false,2024,8,32,4
daangn/stackflow,@stackflow/react-ui-core@1.1.0,@stackflow/react-ui-core@1.1.0,2024-08-08T02:42:09.000Z,github-actions[bot],false,2024,8,32,4
daangn/stackflow,@stackflow/react@1.2.2,@stackflow/react@1.2.2,2024-08-08T02:42:12.000Z,github-actions[bot],false,2024,8,32,4
daangn/stackflow,@stackflow/core@1.0.14,@stackflow/core@1.0.14,2024-08-08T03:53:10.000Z,github-actions[bot],false,2024,8,32,4
daangn/stackflow,@stackflow/plugin-history-sync@1.6.1,@stackflow/plugin-history-sync@1.6.1,2024-08-08T03:53:13.000Z,github-actions[bot],false,2024,8,32,4
daangn/stackflow,@stackflow/core@1.1.0,@stackflow/core@1.1.0,2024-08-14T05:38:38.000Z,github-actions[bot],false,2024,8,33,3
daangn/stackflow,@stackflow/compat-await-push@1.1.12,@stackflow/compat-await-push@1.1.12,2024-08-14T05:38:40.000Z,github-actions[bot],false,2024,8,33,3
daangn/stackflow,@stackflow/link@1.4.4,@stackflow/link@1.4.4,2024-08-14T05:38:43.000Z,github-actions[bot],false,2024,8,33,3
daangn/stackflow,@stackflow/plugin-basic-ui@1.9.1,@stackflow/plugin-basic-ui@1.9.1,2024-08-14T05:38:46.000Z,github-actions[bot],false,2024,8,33,3
daangn/stackflow,@stackflow/plugin-devtools@0.1.11,@stackflow/plugin-devtools@0.1.11,2024-08-14T05:38:50.000Z,github-actions[bot],false,2024,8,33,3
daangn/stackflow,@stackflow/plugin-google-analytics-4@1.1.14,@stackflow/plugin-google-analytics-4@1.1.14,2024-08-14T05:38:52.000Z,github-actions[bot],false,2024,8,33,3
daangn/stackflow,@stackflow/plugin-map-initial-activity@1.0.10,@stackflow/plugin-map-initial-activity@1.0.10,2024-08-14T05:38:55.000Z,github-actions[bot],false,2024,8,33,3
daangn/stackflow,@stackflow/plugin-preload@1.4.1,@stackflow/plugin-preload@1.4.1,2024-08-14T05:38:59.000Z,github-actions[bot],false,2024,8,33,3
daangn/stackflow,@stackflow/plugin-history-sync@1.6.2,@stackflow/plugin-history-sync@1.6.2,2024-08-14T05:39:02.000Z,github-actions[bot],false,2024,8,33,3
daangn/stackflow,@stackflow/plugin-renderer-basic@1.1.12,@stackflow/plugin-renderer-basic@1.1.12,2024-08-14T05:39:05.000Z,github-actions[bot],false,2024,8,33,3
daangn/stackflow,@stackflow/plugin-renderer-web@1.1.12,@stackflow/plugin-renderer-web@1.1.12,2024-08-14T05:39:08.000Z,github-actions[bot],false,2024,8,33,3
daangn/stackflow,@stackflow/react-ui-core@1.1.1,@stackflow/react-ui-core@1.1.1,2024-08-14T05:39:11.000Z,github-actions[bot],false,2024,8,33,3
daangn/stackflow,@stackflow/plugin-stack-depth-change@1.1.5,@stackflow/plugin-stack-depth-change@1.1.5,2024-08-14T05:39:14.000Z,github-actions[bot],false,2024,8,33,3
daangn/stackflow,@stackflow/react@1.3.0,@stackflow/react@1.3.0,2024-08-14T05:39:17.000Z,github-actions[bot],false,2024,8,33,3
daangn/stackflow,@stackflow/react@1.3.1,@stackflow/react@1.3.1,2024-08-14T06:44:07.000Z,github-actions[bot],false,2024,8,33,3
daangn/stackflow,@stackflow/plugin-history-sync@1.6.3,@stackflow/plugin-history-sync@1.6.3,2024-08-21T06:44:29.000Z,github-actions[bot],false,2024,8,34,3
daangn/stackflow,@stackflow/compat-await-push@1.1.13,@stackflow/compat-await-push@1.1.13,2024-09-03T05:28:34.000Z,github-actions[bot],false,2024,9,36,2
daangn/stackflow,@stackflow/link@1.4.5,@stackflow/link@1.4.5,2024-09-03T05:28:36.000Z,github-actions[bot],false,2024,9,36,2
daangn/stackflow,@stackflow/plugin-basic-ui@1.9.2,@stackflow/plugin-basic-ui@1.9.2,2024-09-03T05:28:39.000Z,github-actions[bot],false,2024,9,36,2
daangn/stackflow,@stackflow/plugin-google-analytics-4@1.1.15,@stackflow/plugin-google-analytics-4@1.1.15,2024-09-03T05:28:42.000Z,github-actions[bot],false,2024,9,36,2
daangn/stackflow,@stackflow/plugin-map-initial-activity@1.0.11,@stackflow/plugin-map-initial-activity@1.0.11,2024-09-03T05:28:46.000Z,github-actions[bot],false,2024,9,36,2
daangn/stackflow,@stackflow/plugin-preload@1.4.2,@stackflow/plugin-preload@1.4.2,2024-09-03T05:28:48.000Z,github-actions[bot],false,2024,9,36,2
daangn/stackflow,@stackflow/plugin-renderer-basic@1.1.13,@stackflow/plugin-renderer-basic@1.1.13,2024-09-03T05:28:52.000Z,github-actions[bot],false,2024,9,36,2
daangn/stackflow,@stackflow/react-ui-core@1.1.2,@stackflow/react-ui-core@1.1.2,2024-09-03T05:28:55.000Z,github-actions[bot],false,2024,9,36,2
daangn/stackflow,@stackflow/plugin-renderer-web@1.1.13,@stackflow/plugin-renderer-web@1.1.13,2024-09-03T05:28:57.000Z,github-actions[bot],false,2024,9,36,2
daangn/stackflow,@stackflow/react@1.3.2,@stackflow/react@1.3.2,2024-09-03T05:29:01.000Z,github-actions[bot],false,2024,9,36,2
daangn/stackflow,@stackflow/plugin-basic-ui@1.10.0,@stackflow/plugin-basic-ui@1.10.0,2024-09-11T07:08:36.000Z,github-actions[bot],false,2024,9,37,3
daangn/stackflow,@stackflow/config@1.2.0,@stackflow/config@1.2.0,2024-09-26T06:24:48.000Z,github-actions[bot],false,2024,9,39,4
daangn/stackflow,@stackflow/plugin-history-sync@1.7.0,@stackflow/plugin-history-sync@1.7.0,2024-09-26T06:24:51.000Z,github-actions[bot],false,2024,9,39,4
daangn/stackflow,@stackflow/link@1.5.0,@stackflow/link@1.5.0,2024-09-26T06:24:54.000Z,github-actions[bot],false,2024,9,39,4
daangn/stackflow,@stackflow/react@1.4.0,@stackflow/react@1.4.0,2024-09-26T06:24:57.000Z,github-actions[bot],false,2024,9,39,4
daangn/stackflow,@stackflow/plugin-preload@1.4.3,@stackflow/plugin-preload@1.4.3,2024-09-26T06:25:00.000Z,github-actions[bot],false,2024,9,39,4
daangn/stackflow,@stackflow/react@1.4.1,@stackflow/react@1.4.1,2024-10-23T05:42:16.000Z,github-actions[bot],false,2024,10,43,3
daangn/stackflow,@stackflow/link@1.6.0,@stackflow/link@1.6.0,2024-11-08T01:57:26.000Z,github-actions[bot],false,2024,11,45,5
daangn/stackflow,@stackflow/plugin-basic-ui@1.10.1,@stackflow/plugin-basic-ui@1.10.1,2024-11-19T10:39:01.000Z,github-actions[bot],false,2024,11,47,2
daangn/stackflow,@stackflow/plugin-basic-ui@1.11.0,@stackflow/plugin-basic-ui@1.11.0,2024-12-18T07:57:52.000Z,github-actions[bot],false,2024,12,51,3
daangn/stackflow,@stackflow/react-ui-core@1.2.0,@stackflow/react-ui-core@1.2.0,2024-12-18T07:57:55.000Z,github-actions[bot],false,2024,12,51,3
daangn/stackflow,@stackflow/react-ui-core@1.2.1,@stackflow/react-ui-core@1.2.1,2024-12-18T12:26:00.000Z,github-actions[bot],false,2024,12,51,3
daangn/stackflow,@stackflow/plugin-basic-ui@1.11.1,@stackflow/plugin-basic-ui@1.11.1,2024-12-18T14:29:36.000Z,github-actions[bot],false,2024,12,51,3
daangn/stackflow,@stackflow/config@1.2.1,@stackflow/config@1.2.1,2025-01-22T12:13:08.000Z,github-actions[bot],false,2025,1,4,3
daangn/stackflow,@stackflow/core@1.1.1,@stackflow/core@1.1.1,2025-01-22T12:13:10.000Z,github-actions[bot],false,2025,1,4,3
daangn/stackflow,@stackflow/link@1.6.1,@stackflow/link@1.6.1,2025-01-22T12:13:13.000Z,github-actions[bot],false,2025,1,4,3
daangn/stackflow,@stackflow/react@1.4.2,@stackflow/react@1.4.2,2025-01-22T12:13:17.000Z,github-actions[bot],false,2025,1,4,3
daangn/stackflow,@stackflow/plugin-history-sync@1.7.1,@stackflow/plugin-history-sync@1.7.1,2025-01-22T12:13:19.000Z,github-actions[bot],false,2025,1,4,3
daangn/stackflow,@stackflow/core@1.2.0,@stackflow/core@1.2.0,2025-02-14T02:06:54.000Z,github-actions[bot],false,2025,2,7,5
daangn/stackflow,@stackflow/react@1.5.0,@stackflow/react@1.5.0,2025-02-14T02:06:57.000Z,github-actions[bot],false,2025,2,7,5
daangn/stackflow,@stackflow/plugin-basic-ui@1.12.0,@stackflow/plugin-basic-ui@1.12.0,2025-02-14T02:07:00.000Z,github-actions[bot],false,2025,2,7,5
daangn/stackflow,@stackflow/react@1.5.1,@stackflow/react@1.5.1,2025-02-24T11:45:06.000Z,github-actions[bot],false,2025,2,9,1
daangn/stackflow,@stackflow/plugin-basic-ui@1.13.0,@stackflow/plugin-basic-ui@1.13.0,2025-03-14T06:58:32.000Z,github-actions[bot],false,2025,3,11,5
daangn/stackflow,@stackflow/react-ui-core@1.2.2,@stackflow/react-ui-core@1.2.2,2025-03-14T06:58:35.000Z,github-actions[bot],false,2025,3,11,5
daangn/stackflow,@stackflow/plugin-basic-ui@1.13.1,@stackflow/plugin-basic-ui@1.13.1,2025-03-27T06:55:22.000Z,github-actions[bot],false,2025,3,13,4
daangn/stackflow,@stackflow/react-ui-core@1.2.3,@stackflow/react-ui-core@1.2.3,2025-03-27T06:55:24.000Z,github-actions[bot],false,2025,3,13,4
daangn/stackflow,@stackflow/plugin-basic-ui@1.14.0,@stackflow/plugin-basic-ui@1.14.0,2025-04-09T10:08:19.000Z,github-actions[bot],false,2025,4,15,3
daangn/stackflow,@stackflow/react-ui-core@1.3.0,@stackflow/react-ui-core@1.3.0,2025-04-09T10:08:22.000Z,github-actions[bot],false,2025,4,15,3
daangn/stackflow,@stackflow/react@1.5.2,@stackflow/react@1.5.2,2025-05-12T07:52:17.000Z,github-actions[bot],false,2025,5,20,1
daangn/stackflow,@stackflow/plugin-basic-ui@1.14.1,@stackflow/plugin-basic-ui@1.14.1,2025-05-15T09:07:59.000Z,github-actions[bot],false,2025,5,20,4
daangn/stackflow,@stackflow/react-ui-core@1.3.1,@stackflow/react-ui-core@1.3.1,2025-05-15T09:08:02.000Z,github-actions[bot],false,2025,5,20,4
daangn/stackflow,@stackflow/plugin-basic-ui@1.14.2,@stackflow/plugin-basic-ui@1.14.2,2025-05-29T08:08:56.000Z,github-actions[bot],false,2025,5,22,4
daangn/stackflow,@stackflow/react-ui-core@1.3.2,@stackflow/react-ui-core@1.3.2,2025-05-29T08:08:59.000Z,github-actions[bot],false,2025,5,22,4
daangn/seed-design,@karrotmarket/styled-components-theme@0.2.0,@karrotmarket/styled-components-theme@0.2.0,2021-10-15T11:46:42.000Z,github-actions[bot],false,2021,10,41,5
daangn/seed-design,@karrotmarket/react-theming@0.2.0,@karrotmarket/react-theming@0.2.0,2021-10-15T11:46:42.000Z,github-actions[bot],false,2021,10,41,5
daangn/seed-design,@karrotmarket/react-emotion-theme@0.4.0,@karrotmarket/react-emotion-theme@0.4.0,2021-10-15T11:46:42.000Z,github-actions[bot],false,2021,10,41,5
daangn/seed-design,@karrotmarket/design-token@0.2.0,@karrotmarket/design-token@0.2.0,2021-10-15T11:46:42.000Z,github-actions[bot],false,2021,10,41,5
daangn/seed-design,@karrotmarket/design-token@1.1.2,@karrotmarket/design-token@1.1.2,2022-03-10T03:08:12.000Z,github-actions[bot],false,2022,3,10,4
daangn/seed-design,@seed-design/stylesheet@1.0.1,@seed-design/stylesheet@1.0.1,2022-10-07T02:07:26.000Z,github-actions[bot],false,2022,10,40,5
daangn/seed-design,@seed-design/react-theming@2.0.0,@seed-design/react-theming@2.0.0,2022-11-18T07:58:05.000Z,github-actions[bot],false,2022,11,46,5
daangn/seed-design,@seed-design/react-theming@2.0.1,@seed-design/react-theming@2.0.1,2022-11-18T09:36:23.000Z,github-actions[bot],false,2022,11,46,5
daangn/seed-design,gatsby-plugin-seed-design@0.0.2,gatsby-plugin-seed-design@0.0.2,2022-11-24T06:33:05.000Z,github-actions[bot],false,2022,11,47,4
daangn/seed-design,@seed-design/react-theming@2.0.2,@seed-design/react-theming@2.0.2,2022-11-24T06:33:05.000Z,github-actions[bot],false,2022,11,47,4
daangn/seed-design,gatsby-plugin-seed-design@0.0.3,gatsby-plugin-seed-design@0.0.3,2022-11-24T09:10:45.000Z,github-actions[bot],false,2022,11,47,4
daangn/seed-design,@seed-design/react-theming@2.0.3,@seed-design/react-theming@2.0.3,2022-11-24T09:10:45.000Z,github-actions[bot],false,2022,11,47,4
daangn/seed-design,gatsby-plugin-seed-design@0.0.4,gatsby-plugin-seed-design@0.0.4,2022-11-25T05:33:23.000Z,github-actions[bot],false,2022,11,47,5
daangn/seed-design,@seed-design/react-theming@2.0.4,@seed-design/react-theming@2.0.4,2022-11-25T05:33:23.000Z,github-actions[bot],false,2022,11,47,5
daangn/seed-design,gatsby-plugin-seed-design@0.2.0,gatsby-plugin-seed-design@0.2.0,2022-11-25T08:36:23.000Z,github-actions[bot],false,2022,11,47,5
daangn/seed-design,@seed-design/react-theming@2.1.0,@seed-design/react-theming@2.1.0,2022-11-25T08:36:23.000Z,github-actions[bot],false,2022,11,47,5
daangn/seed-design,gatsby-plugin-seed-design@0.2.1,gatsby-plugin-seed-design@0.2.1,2022-11-29T07:35:55.000Z,github-actions[bot],false,2022,11,48,2
daangn/seed-design,@seed-design/react-theming@2.1.1,@seed-design/react-theming@2.1.1,2022-11-29T07:35:55.000Z,github-actions[bot],false,2022,11,48,2
daangn/seed-design,gatsby-plugin-seed-design@0.2.2,gatsby-plugin-seed-design@0.2.2,2022-12-08T08:58:25.000Z,github-actions[bot],false,2022,12,49,4
daangn/seed-design,@seed-design/react-theming@2.1.2,@seed-design/react-theming@2.1.2,2022-12-08T08:58:25.000Z,github-actions[bot],false,2022,12,49,4
daangn/seed-design,gatsby-plugin-seed-design@0.2.3,gatsby-plugin-seed-design@0.2.3,2022-12-08T09:58:03.000Z,github-actions[bot],false,2022,12,49,4
daangn/seed-design,gatsby-plugin-seed-design@0.2.4,gatsby-plugin-seed-design@0.2.4,2022-12-09T07:10:39.000Z,github-actions[bot],false,2022,12,49,5
daangn/seed-design,@seed-design/stylesheet@1.0.2,@seed-design/stylesheet@1.0.2,2022-12-09T07:10:39.000Z,github-actions[bot],false,2022,12,49,5
daangn/seed-design,gatsby-plugin-seed-design@0.2.5,gatsby-plugin-seed-design@0.2.5,2023-01-18T05:12:49.000Z,github-actions[bot],false,2023,1,3,3
daangn/seed-design,@seed-design/stylesheet@1.0.3,@seed-design/stylesheet@1.0.3,2023-01-18T05:12:49.000Z,github-actions[bot],false,2023,1,3,3
daangn/seed-design,@seed-design/icon@0.0.1,@seed-design/icon@0.0.1,2023-02-08T15:05:14.000Z,github-actions[bot],false,2023,2,6,4
daangn/seed-design,@seed-design/icon@0.0.2,@seed-design/icon@0.0.2,2023-02-09T01:56:25.000Z,github-actions[bot],false,2023,2,6,4
daangn/seed-design,@seed-design/icon@0.0.3,@seed-design/icon@0.0.3,2023-02-09T03:50:51.000Z,github-actions[bot],false,2023,2,6,4
daangn/seed-design,@seed-design/icon@0.0.4,@seed-design/icon@0.0.4,2023-02-09T04:15:50.000Z,github-actions[bot],false,2023,2,6,4
daangn/seed-design,@seed-design/icon@0.0.5,@seed-design/icon@0.0.5,2023-02-09T05:05:18.000Z,github-actions[bot],false,2023,2,6,4
daangn/seed-design,@seed-design/icon@0.0.6,@seed-design/icon@0.0.6,2023-02-09T05:16:48.000Z,github-actions[bot],false,2023,2,6,4
daangn/seed-design,@seed-design/icon@0.0.7,@seed-design/icon@0.0.7,2023-02-13T05:31:33.000Z,github-actions[bot],false,2023,2,7,1
daangn/seed-design,@seed-design/icon@0.0.8,@seed-design/icon@0.0.8,2023-02-13T09:26:05.000Z,github-actions[bot],false,2023,2,7,1
daangn/seed-design,@seed-design/icon@0.1.0,@seed-design/icon@0.1.0,2023-02-14T12:27:10.000Z,github-actions[bot],false,2023,2,7,2
daangn/seed-design,@seed-design/icon@0.1.1,@seed-design/icon@0.1.1,2023-02-17T08:26:01.000Z,github-actions[bot],false,2023,2,7,5
daangn/seed-design,@seed-design/icon@0.1.2,@seed-design/icon@0.1.2,2023-02-17T09:53:33.000Z,github-actions[bot],false,2023,2,7,5
daangn/seed-design,@seed-design/icon@0.1.4,@seed-design/icon@0.1.4,2023-02-20T06:52:05.000Z,github-actions[bot],false,2023,2,8,1
daangn/seed-design,@seed-design/icon@0.1.5,@seed-design/icon@0.1.5,2023-02-20T09:25:40.000Z,github-actions[bot],false,2023,2,8,1
daangn/seed-design,@seed-design/icon@0.1.6,@seed-design/icon@0.1.6,2023-02-20T09:43:48.000Z,github-actions[bot],false,2023,2,8,1
daangn/seed-design,@seed-design/icon@0.1.7,@seed-design/icon@0.1.7,2023-02-21T04:33:20.000Z,github-actions[bot],false,2023,2,8,2
daangn/seed-design,@seed-design/icon@0.1.8,@seed-design/icon@0.1.8,2023-02-23T06:01:48.000Z,github-actions[bot],false,2023,2,8,4
daangn/seed-design,@seed-design/icon@0.1.10,@seed-design/icon@0.1.10,2023-03-09T02:38:20.000Z,github-actions[bot],false,2023,3,10,4
daangn/seed-design,@seed-design/icon@0.1.11,@seed-design/icon@0.1.11,2023-03-10T14:36:00.000Z,github-actions[bot],false,2023,3,10,5
daangn/seed-design,@seed-design/icon@0.1.12,@seed-design/icon@0.1.12,2023-03-10T16:15:35.000Z,github-actions[bot],false,2023,3,10,6
daangn/seed-design,@seed-design/icon@0.1.13,@seed-design/icon@0.1.13,2023-03-11T00:30:52.000Z,github-actions[bot],false,2023,3,10,6
daangn/seed-design,@seed-design/design-token@1.0.1,@seed-design/design-token@1.0.1,2023-04-14T10:53:23.000Z,github-actions[bot],false,2023,4,15,5
daangn/seed-design,@seed-design/icon@0.2.0,@seed-design/icon@0.2.0,2023-04-19T06:19:40.000Z,github-actions[bot],false,2023,4,16,3
daangn/seed-design,@seed-design/icon@0.2.1,@seed-design/icon@0.2.1,2023-04-19T08:21:33.000Z,github-actions[bot],false,2023,4,16,3
daangn/seed-design,gatsby-plugin-seed-design@0.2.6,gatsby-plugin-seed-design@0.2.6,2023-04-25T06:45:41.000Z,github-actions[bot],false,2023,4,17,2
daangn/seed-design,@seed-design/design-token@1.0.3,@seed-design/design-token@1.0.3,2023-05-23T08:09:37.000Z,github-actions[bot],false,2023,5,21,2
daangn/seed-design,@seed-design/icon-deprecated@0.2.1,@seed-design/icon-deprecated@0.2.1,2023-07-05T08:43:32.000Z,github-actions[bot],false,2023,7,27,3
daangn/seed-design,gatsby-plugin-seed-design@0.2.7,gatsby-plugin-seed-design@0.2.7,2023-07-17T08:03:28.000Z,github-actions[bot],false,2023,7,29,1
daangn/seed-design,@seed-design/react-theming@2.1.4,@seed-design/react-theming@2.1.4,2023-07-31T06:36:20.000Z,github-actions[bot],false,2023,7,31,1
daangn/seed-design,@seed-design/stylesheet@1.0.4,@seed-design/stylesheet@1.0.4,2024-01-29T04:00:36.000Z,github-actions[bot],false,2024,1,5,1
daangn/seed-design,@seed-design/react-checkbox@0.0.1-rc.0,@seed-design/react-checkbox@0.0.1-rc.0,2025-02-18T17:13:40.000Z,github-actions[bot],true,2025,2,8,3
daangn/seed-design,@seed-design/react-dialog@0.0.1-rc.0,@seed-design/react-dialog@0.0.1-rc.0,2025-02-18T17:13:43.000Z,github-actions[bot],true,2025,2,8,3
daangn/seed-design,@seed-design/css@0.0.1-rc.0,@seed-design/css@0.0.1-rc.0,2025-02-18T17:13:46.000Z,github-actions[bot],true,2025,2,8,3
daangn/seed-design,@seed-design/react-popover@0.0.1-rc.0,@seed-design/react-popover@0.0.1-rc.0,2025-02-18T17:13:49.000Z,github-actions[bot],true,2025,2,8,3
daangn/seed-design,@seed-design/react-progress@0.0.1-rc.0,@seed-design/react-progress@0.0.1-rc.0,2025-02-18T17:13:52.000Z,github-actions[bot],true,2025,2,8,3
daangn/seed-design,@seed-design/react-pull-to-refresh@0.0.1-rc.0,@seed-design/react-pull-to-refresh@0.0.1-rc.0,2025-02-18T17:13:56.000Z,github-actions[bot],true,2025,2,8,3
daangn/seed-design,@seed-design/react-radio-group@0.0.1-rc.0,@seed-design/react-radio-group@0.0.1-rc.0,2025-02-18T17:13:58.000Z,github-actions[bot],true,2025,2,8,3
daangn/seed-design,@seed-design/react-segmented-control@0.0.1-rc.0,@seed-design/react-segmented-control@0.0.1-rc.0,2025-02-18T17:14:01.000Z,github-actions[bot],true,2025,2,8,3
daangn/seed-design,@seed-design/react-switch@0.0.1-rc.0,@seed-design/react-switch@0.0.1-rc.0,2025-02-18T17:14:04.000Z,github-actions[bot],true,2025,2,8,3
daangn/seed-design,@seed-design/react-tabs@0.0.1-rc.0,@seed-design/react-tabs@0.0.1-rc.0,2025-02-18T17:14:07.000Z,github-actions[bot],true,2025,2,8,3
daangn/seed-design,@seed-design/react-text-field@0.0.1-rc.0,@seed-design/react-text-field@0.0.1-rc.0,2025-02-18T17:14:10.000Z,github-actions[bot],true,2025,2,8,3
daangn/seed-design,@seed-design/react-toggle@0.0.1-rc.0,@seed-design/react-toggle@0.0.1-rc.0,2025-02-18T17:14:13.000Z,github-actions[bot],true,2025,2,8,3
daangn/seed-design,@seed-design/react-snackbar@0.0.1-rc.0,@seed-design/react-snackbar@0.0.1-rc.0,2025-02-18T17:14:16.000Z,github-actions[bot],true,2025,2,8,3
daangn/seed-design,@seed-design/react-avatar@0.0.1-rc.0,@seed-design/react-avatar@0.0.1-rc.0,2025-02-18T17:14:19.000Z,github-actions[bot],true,2025,2,8,3
daangn/seed-design,@seed-design/stackflow@0.0.1-rc.0,@seed-design/stackflow@0.0.1-rc.0,2025-02-18T17:14:22.000Z,github-actions[bot],true,2025,2,8,3
daangn/seed-design,@seed-design/react@0.0.1-rc.0,@seed-design/react@0.0.1-rc.0,2025-02-18T17:14:25.000Z,github-actions[bot],true,2025,2,8,3
daangn/seed-design,@seed-design/react@0.0.1-rc.1,@seed-design/react@0.0.1-rc.1,2025-02-18T17:29:03.000Z,github-actions[bot],true,2025,2,8,3
daangn/seed-design,@seed-design/codemod@0.0.12-rc.0,@seed-design/codemod@0.0.12-rc.0,2025-02-20T02:57:59.000Z,github-actions[bot],true,2025,2,8,4
daangn/seed-design,@seed-design/migration-index@0.0.1-rc.0,@seed-design/migration-index@0.0.1-rc.0,2025-02-20T02:58:02.000Z,github-actions[bot],true,2025,2,8,4
daangn/seed-design,@seed-design/codemod@0.0.12-rc.1,@seed-design/codemod@0.0.12-rc.1,2025-02-20T03:25:04.000Z,github-actions[bot],true,2025,2,8,4
daangn/seed-design,@seed-design/codemod@0.0.12-rc.2,@seed-design/codemod@0.0.12-rc.2,2025-02-20T03:38:17.000Z,github-actions[bot],true,2025,2,8,4
daangn/seed-design,@seed-design/css@0.0.1-rc.1,@seed-design/css@0.0.1-rc.1,2025-02-20T06:47:17.000Z,github-actions[bot],true,2025,2,8,4
daangn/seed-design,@seed-design/codemod@0.0.12-rc.3,@seed-design/codemod@0.0.12-rc.3,2025-02-20T06:47:20.000Z,github-actions[bot],true,2025,2,8,4
daangn/seed-design,@seed-design/stackflow@0.0.1-rc.1,@seed-design/stackflow@0.0.1-rc.1,2025-02-20T06:47:23.000Z,github-actions[bot],true,2025,2,8,4
daangn/seed-design,@seed-design/react@0.0.1-rc.2,@seed-design/react@0.0.1-rc.2,2025-02-20T06:47:26.000Z,github-actions[bot],true,2025,2,8,4
daangn/seed-design,@seed-design/cli@0.0.1,@seed-design/cli@0.0.1,2025-02-24T21:16:04.000Z,github-actions[bot],false,2025,2,9,2
daangn/seed-design,@seed-design/codemod@0.0.12,@seed-design/codemod@0.0.12,2025-02-24T21:16:06.000Z,github-actions[bot],false,2025,2,9,2
daangn/seed-design,@seed-design/migration-index@0.0.1,@seed-design/migration-index@0.0.1,2025-02-24T21:16:09.000Z,github-actions[bot],false,2025,2,9,2
daangn/seed-design,@seed-design/css@0.0.1,@seed-design/css@0.0.1,2025-02-24T21:16:12.000Z,github-actions[bot],false,2025,2,9,2
daangn/seed-design,@seed-design/react@0.0.1,@seed-design/react@0.0.1,2025-02-24T21:16:15.000Z,github-actions[bot],false,2025,2,9,2
daangn/seed-design,@seed-design/react-avatar@0.0.1,@seed-design/react-avatar@0.0.1,2025-02-24T21:16:18.000Z,github-actions[bot],false,2025,2,9,2
daangn/seed-design,@seed-design/react-checkbox@0.0.1,@seed-design/react-checkbox@0.0.1,2025-02-24T21:16:21.000Z,github-actions[bot],false,2025,2,9,2
daangn/seed-design,@seed-design/react-dialog@0.0.1,@seed-design/react-dialog@0.0.1,2025-02-24T21:16:24.000Z,github-actions[bot],false,2025,2,9,2
daangn/seed-design,@seed-design/react-popover@0.0.1,@seed-design/react-popover@0.0.1,2025-02-24T21:16:27.000Z,github-actions[bot],false,2025,2,9,2
daangn/seed-design,@seed-design/react-primitive@0.0.1,@seed-design/react-primitive@0.0.1,2025-02-24T21:16:30.000Z,github-actions[bot],false,2025,2,9,2
daangn/seed-design,@seed-design/react-progress@0.0.1,@seed-design/react-progress@0.0.1,2025-02-24T21:16:33.000Z,github-actions[bot],false,2025,2,9,2
daangn/seed-design,@seed-design/react-radio-group@0.0.1,@seed-design/react-radio-group@0.0.1,2025-02-24T21:16:36.000Z,github-actions[bot],false,2025,2,9,2
daangn/seed-design,@seed-design/react-segmented-control@0.0.1,@seed-design/react-segmented-control@0.0.1,2025-02-24T21:16:39.000Z,github-actions[bot],false,2025,2,9,2
daangn/seed-design,@seed-design/react-pull-to-refresh@0.0.1,@seed-design/react-pull-to-refresh@0.0.1,2025-02-24T21:16:42.000Z,github-actions[bot],false,2025,2,9,2
daangn/seed-design,@seed-design/react-snackbar@0.0.1,@seed-design/react-snackbar@0.0.1,2025-02-24T21:16:45.000Z,github-actions[bot],false,2025,2,9,2
daangn/seed-design,@seed-design/react-tabs@0.0.1,@seed-design/react-tabs@0.0.1,2025-02-24T21:16:48.000Z,github-actions[bot],false,2025,2,9,2
daangn/seed-design,@seed-design/react-switch@0.0.1,@seed-design/react-switch@0.0.1,2025-02-24T21:16:51.000Z,github-actions[bot],false,2025,2,9,2
daangn/seed-design,@seed-design/react-toggle@0.0.1,@seed-design/react-toggle@0.0.1,2025-02-24T21:16:54.000Z,github-actions[bot],false,2025,2,9,2
daangn/seed-design,@seed-design/react-text-field@0.0.1,@seed-design/react-text-field@0.0.1,2025-02-24T21:16:57.000Z,github-actions[bot],false,2025,2,9,2
daangn/seed-design,@seed-design/react-theming@2.1.5,@seed-design/react-theming@2.1.5,2025-02-24T21:17:00.000Z,github-actions[bot],false,2025,2,9,2
daangn/seed-design,@seed-design/dom-utils@0.0.1,@seed-design/dom-utils@0.0.1,2025-02-24T21:17:03.000Z,github-actions[bot],false,2025,2,9,2
daangn/seed-design,@seed-design/vite-plugin@0.0.1,@seed-design/vite-plugin@0.0.1,2025-02-24T21:17:07.000Z,github-actions[bot],false,2025,2,9,2
daangn/seed-design,@seed-design/stackflow@0.0.1,@seed-design/stackflow@0.0.1,2025-02-24T21:17:09.000Z,github-actions[bot],false,2025,2,9,2
daangn/seed-design,@seed-design/webpack-plugin@0.0.1,@seed-design/webpack-plugin@0.0.1,2025-02-24T21:17:12.000Z,github-actions[bot],false,2025,2,9,2
daangn/seed-design,@seed-design/stylesheet@1.1.0,@seed-design/stylesheet@1.1.0,2025-02-24T21:17:15.000Z,github-actions[bot],false,2025,2,9,2
daangn/seed-design,@seed-design/css@0.0.2,@seed-design/css@0.0.2,2025-02-25T09:37:13.000Z,github-actions[bot],false,2025,2,9,2
daangn/seed-design,@seed-design/stackflow@0.0.2,@seed-design/stackflow@0.0.2,2025-02-25T09:37:16.000Z,github-actions[bot],false,2025,2,9,2
daangn/seed-design,@seed-design/react@0.0.2,@seed-design/react@0.0.2,2025-02-25T09:37:19.000Z,github-actions[bot],false,2025,2,9,2
daangn/seed-design,@seed-design/stylesheet@1.1.1,@seed-design/stylesheet@1.1.1,2025-02-25T09:37:22.000Z,github-actions[bot],false,2025,2,9,2
daangn/seed-design,@seed-design/webpack-plugin@0.0.2,@seed-design/webpack-plugin@0.0.2,2025-02-25T09:37:25.000Z,github-actions[bot],false,2025,2,9,2
daangn/seed-design,@seed-design/vite-plugin@0.0.2,@seed-design/vite-plugin@0.0.2,2025-02-25T09:37:28.000Z,github-actions[bot],false,2025,2,9,2
daangn/seed-design,@seed-design/css@0.0.3,@seed-design/css@0.0.3,2025-03-04T03:38:28.000Z,github-actions[bot],false,2025,3,10,2
daangn/seed-design,@seed-design/codemod@0.0.13,@seed-design/codemod@0.0.13,2025-03-04T03:38:31.000Z,github-actions[bot],false,2025,3,10,2
daangn/seed-design,@seed-design/migration-index@0.0.2,@seed-design/migration-index@0.0.2,2025-03-04T03:38:34.000Z,github-actions[bot],false,2025,3,10,2
daangn/seed-design,@seed-design/stackflow@0.0.3,@seed-design/stackflow@0.0.3,2025-03-04T03:38:37.000Z,github-actions[bot],false,2025,3,10,2
daangn/seed-design,@seed-design/rsbuild-plugin@0.0.3,@seed-design/rsbuild-plugin@0.0.3,2025-03-04T03:38:40.000Z,github-actions[bot],false,2025,3,10,2
daangn/seed-design,@seed-design/react@0.0.3,@seed-design/react@0.0.3,2025-03-04T03:38:43.000Z,github-actions[bot],false,2025,3,10,2
daangn/seed-design,@seed-design/vite-plugin@0.0.3,@seed-design/vite-plugin@0.0.3,2025-03-04T03:38:46.000Z,github-actions[bot],false,2025,3,10,2
daangn/seed-design,@seed-design/webpack-plugin@0.0.3,@seed-design/webpack-plugin@0.0.3,2025-03-04T03:38:49.000Z,github-actions[bot],false,2025,3,10,2
daangn/seed-design,@seed-design/react@0.0.4,@seed-design/react@0.0.4,2025-03-05T01:12:12.000Z,github-actions[bot],false,2025,3,10,3
daangn/seed-design,@seed-design/css@0.0.4,@seed-design/css@0.0.4,2025-03-05T01:12:15.000Z,github-actions[bot],false,2025,3,10,3
daangn/seed-design,@seed-design/rsbuild-plugin@0.0.4,@seed-design/rsbuild-plugin@0.0.4,2025-03-05T01:12:18.000Z,github-actions[bot],false,2025,3,10,3
daangn/seed-design,@seed-design/stackflow@0.0.4,@seed-design/stackflow@0.0.4,2025-03-05T01:12:21.000Z,github-actions[bot],false,2025,3,10,3
daangn/seed-design,@seed-design/vite-plugin@0.0.4,@seed-design/vite-plugin@0.0.4,2025-03-05T01:12:24.000Z,github-actions[bot],false,2025,3,10,3
daangn/seed-design,@seed-design/webpack-plugin@0.0.4,@seed-design/webpack-plugin@0.0.4,2025-03-05T01:12:27.000Z,github-actions[bot],false,2025,3,10,3
daangn/seed-design,@seed-design/css@0.0.5,@seed-design/css@0.0.5,2025-03-10T05:24:02.000Z,github-actions[bot],false,2025,3,11,1
daangn/seed-design,@seed-design/codemod@0.0.14,@seed-design/codemod@0.0.14,2025-03-10T05:24:05.000Z,github-actions[bot],false,2025,3,11,1
daangn/seed-design,@seed-design/rsbuild-plugin@0.0.5,@seed-design/rsbuild-plugin@0.0.5,2025-03-10T05:24:08.000Z,github-actions[bot],false,2025,3,11,1
daangn/seed-design,@seed-design/stackflow@0.0.5,@seed-design/stackflow@0.0.5,2025-03-10T05:24:11.000Z,github-actions[bot],false,2025,3,11,1
daangn/seed-design,@seed-design/react@0.0.5,@seed-design/react@0.0.5,2025-03-10T05:24:14.000Z,github-actions[bot],false,2025,3,11,1
daangn/seed-design,@seed-design/vite-plugin@0.0.5,@seed-design/vite-plugin@0.0.5,2025-03-10T05:24:17.000Z,github-actions[bot],false,2025,3,11,1
daangn/seed-design,@seed-design/webpack-plugin@0.0.5,@seed-design/webpack-plugin@0.0.5,2025-03-10T05:24:20.000Z,github-actions[bot],false,2025,3,11,1
daangn/seed-design,@seed-design/codemod@0.0.15,@seed-design/codemod@0.0.15,2025-03-13T15:42:10.000Z,github-actions[bot],false,2025,3,11,5
daangn/seed-design,@seed-design/migration-index@0.0.3,@seed-design/migration-index@0.0.3,2025-03-13T15:42:13.000Z,github-actions[bot],false,2025,3,11,5
daangn/seed-design,@seed-design/react@0.0.6,@seed-design/react@0.0.6,2025-03-13T15:42:16.000Z,github-actions[bot],false,2025,3,11,5
daangn/seed-design,@seed-design/rsbuild-plugin@0.0.6,@seed-design/rsbuild-plugin@0.0.6,2025-03-13T15:42:19.000Z,github-actions[bot],false,2025,3,11,5
daangn/seed-design,@seed-design/stackflow@0.0.6,@seed-design/stackflow@0.0.6,2025-03-13T15:42:22.000Z,github-actions[bot],false,2025,3,11,5
daangn/seed-design,@seed-design/webpack-plugin@0.0.6,@seed-design/webpack-plugin@0.0.6,2025-03-13T15:42:25.000Z,github-actions[bot],false,2025,3,11,5
daangn/seed-design,@seed-design/css@0.0.6,@seed-design/css@0.0.6,2025-03-13T15:42:28.000Z,github-actions[bot],false,2025,3,11,5
daangn/seed-design,@seed-design/vite-plugin@0.0.6,@seed-design/vite-plugin@0.0.6,2025-03-13T15:42:31.000Z,github-actions[bot],false,2025,3,11,5
daangn/seed-design,@seed-design/css@0.0.7,@seed-design/css@0.0.7,2025-03-13T15:54:57.000Z,github-actions[bot],false,2025,3,11,5
daangn/seed-design,@seed-design/react@0.0.7,@seed-design/react@0.0.7,2025-03-13T15:55:00.000Z,github-actions[bot],false,2025,3,11,5
daangn/seed-design,@seed-design/rsbuild-plugin@0.0.7,@seed-design/rsbuild-plugin@0.0.7,2025-03-13T15:55:03.000Z,github-actions[bot],false,2025,3,11,5
daangn/seed-design,@seed-design/vite-plugin@0.0.7,@seed-design/vite-plugin@0.0.7,2025-03-13T15:55:06.000Z,github-actions[bot],false,2025,3,11,5
daangn/seed-design,@seed-design/stackflow@0.0.7,@seed-design/stackflow@0.0.7,2025-03-13T15:55:09.000Z,github-actions[bot],false,2025,3,11,5
daangn/seed-design,@seed-design/webpack-plugin@0.0.7,@seed-design/webpack-plugin@0.0.7,2025-03-13T15:55:12.000Z,github-actions[bot],false,2025,3,11,5
daangn/seed-design,@seed-design/codemod@0.0.16,@seed-design/codemod@0.0.16,2025-03-13T17:07:15.000Z,github-actions[bot],false,2025,3,11,5
daangn/seed-design,@seed-design/codemod@0.0.17,@seed-design/codemod@0.0.17,2025-03-14T03:02:56.000Z,github-actions[bot],false,2025,3,11,5
daangn/seed-design,@seed-design/codemod@0.0.18,@seed-design/codemod@0.0.18,2025-03-18T14:03:41.000Z,github-actions[bot],false,2025,3,12,2
daangn/seed-design,@seed-design/migration-index@0.0.18,@seed-design/migration-index@0.0.18,2025-03-18T14:03:44.000Z,github-actions[bot],false,2025,3,12,2
daangn/seed-design,@seed-design/rsbuild-plugin@0.0.8,@seed-design/rsbuild-plugin@0.0.8,2025-03-18T14:03:47.000Z,github-actions[bot],false,2025,3,12,2
daangn/seed-design,@seed-design/react@0.0.8,@seed-design/react@0.0.8,2025-03-18T14:03:50.000Z,github-actions[bot],false,2025,3,12,2
daangn/seed-design,@seed-design/vite-plugin@0.0.8,@seed-design/vite-plugin@0.0.8,2025-03-18T14:03:53.000Z,github-actions[bot],false,2025,3,12,2
daangn/seed-design,@seed-design/webpack-plugin@0.0.8,@seed-design/webpack-plugin@0.0.8,2025-03-18T14:03:56.000Z,github-actions[bot],false,2025,3,12,2
daangn/seed-design,@seed-design/stackflow@0.0.8,@seed-design/stackflow@0.0.8,2025-03-18T14:03:59.000Z,github-actions[bot],false,2025,3,12,2
daangn/seed-design,@seed-design/css@0.0.8,@seed-design/css@0.0.8,2025-03-18T14:04:02.000Z,github-actions[bot],false,2025,3,12,2
daangn/seed-design,@seed-design/codemod@0.0.19,@seed-design/codemod@0.0.19,2025-03-24T15:20:59.000Z,github-actions[bot],false,2025,3,13,2
daangn/seed-design,@seed-design/codemod@0.0.21,@seed-design/codemod@0.0.21,2025-04-07T03:31:39.000Z,github-actions[bot],false,2025,4,15,1
daangn/seed-design,@seed-design/css@0.0.13,@seed-design/css@0.0.13,2025-04-16T16:17:12.000Z,github-actions[bot],false,2025,4,16,4
daangn/seed-design,@seed-design/figma@0.0.5,@seed-design/figma@0.0.5,2025-04-16T16:17:15.000Z,github-actions[bot],false,2025,4,16,4
daangn/seed-design,@seed-design/rsbuild-plugin@0.0.13,@seed-design/rsbuild-plugin@0.0.13,2025-04-16T16:17:18.000Z,github-actions[bot],false,2025,4,16,4
daangn/seed-design,@seed-design/react@0.0.13,@seed-design/react@0.0.13,2025-04-16T16:17:21.000Z,github-actions[bot],false,2025,4,16,4
daangn/seed-design,@seed-design/react-pull-to-refresh@0.0.2,@seed-design/react-pull-to-refresh@0.0.2,2025-04-16T16:17:24.000Z,github-actions[bot],false,2025,4,16,4
daangn/seed-design,@seed-design/mcp@0.0.5,@seed-design/mcp@0.0.5,2025-04-16T16:17:27.000Z,github-actions[bot],false,2025,4,16,4
daangn/seed-design,@seed-design/vite-plugin@0.0.13,@seed-design/vite-plugin@0.0.13,2025-04-16T16:17:30.000Z,github-actions[bot],false,2025,4,16,4
daangn/seed-design,@seed-design/stackflow@0.0.13,@seed-design/stackflow@0.0.13,2025-04-16T16:17:33.000Z,github-actions[bot],false,2025,4,16,4
daangn/seed-design,@seed-design/webpack-plugin@0.0.13,@seed-design/webpack-plugin@0.0.13,2025-04-16T16:17:36.000Z,github-actions[bot],false,2025,4,16,4
daangn/seed-design,@seed-design/css@0.0.14,@seed-design/css@0.0.14,2025-04-18T10:12:44.000Z,github-actions[bot],false,2025,4,16,5
daangn/seed-design,@seed-design/mcp@0.0.6,@seed-design/mcp@0.0.6,2025-04-18T10:12:47.000Z,github-actions[bot],false,2025,4,16,5
daangn/seed-design,@seed-design/figma@0.0.6,@seed-design/figma@0.0.6,2025-04-18T10:12:50.000Z,github-actions[bot],false,2025,4,16,5
daangn/seed-design,@seed-design/react@0.0.14,@seed-design/react@0.0.14,2025-04-18T10:12:53.000Z,github-actions[bot],false,2025,4,16,5
daangn/seed-design,@seed-design/react-popover@0.0.3,@seed-design/react-popover@0.0.3,2025-04-18T10:12:56.000Z,github-actions[bot],false,2025,4,16,5
daangn/seed-design,@seed-design/rsbuild-plugin@0.0.14,@seed-design/rsbuild-plugin@0.0.14,2025-04-18T10:12:59.000Z,github-actions[bot],false,2025,4,16,5
daangn/seed-design,@seed-design/stackflow@0.0.14,@seed-design/stackflow@0.0.14,2025-04-18T10:13:02.000Z,github-actions[bot],false,2025,4,16,5
daangn/seed-design,@seed-design/vite-plugin@0.0.14,@seed-design/vite-plugin@0.0.14,2025-04-18T10:13:05.000Z,github-actions[bot],false,2025,4,16,5
daangn/seed-design,@seed-design/webpack-plugin@0.0.14,@seed-design/webpack-plugin@0.0.14,2025-04-18T10:13:08.000Z,github-actions[bot],false,2025,4,16,5
daangn/seed-design,@seed-design/css@0.0.15,@seed-design/css@0.0.15,2025-04-22T05:00:52.000Z,github-actions[bot],false,2025,4,17,2
daangn/seed-design,@seed-design/figma@0.0.15,@seed-design/figma@0.0.15,2025-04-22T05:00:55.000Z,github-actions[bot],false,2025,4,17,2
daangn/seed-design,@seed-design/react-popover@0.0.4,@seed-design/react-popover@0.0.4,2025-04-22T05:00:58.000Z,github-actions[bot],false,2025,4,17,2
daangn/seed-design,@seed-design/vite-plugin@0.0.15,@seed-design/vite-plugin@0.0.15,2025-04-22T05:01:01.000Z,github-actions[bot],false,2025,4,17,2
daangn/seed-design,@seed-design/rsbuild-plugin@0.0.15,@seed-design/rsbuild-plugin@0.0.15,2025-04-22T05:01:04.000Z,github-actions[bot],false,2025,4,17,2
daangn/seed-design,@seed-design/mcp@0.0.15,@seed-design/mcp@0.0.15,2025-04-22T05:01:07.000Z,github-actions[bot],false,2025,4,17,2
daangn/seed-design,@seed-design/webpack-plugin@0.0.15,@seed-design/webpack-plugin@0.0.15,2025-04-22T05:01:10.000Z,github-actions[bot],false,2025,4,17,2
daangn/seed-design,@seed-design/stackflow@0.0.15,@seed-design/stackflow@0.0.15,2025-04-22T05:01:13.000Z,github-actions[bot],false,2025,4,17,2
daangn/seed-design,@seed-design/react@0.0.15,@seed-design/react@0.0.15,2025-04-22T05:01:16.000Z,github-actions[bot],false,2025,4,17,2
daangn/seed-design,@seed-design/mcp@0.0.16,@seed-design/mcp@0.0.16,2025-04-22T07:38:29.000Z,github-actions[bot],false,2025,4,17,2
daangn/seed-design,@seed-design/css@0.0.17,@seed-design/css@0.0.17,2025-04-22T08:33:11.000Z,github-actions[bot],false,2025,4,17,2
daangn/seed-design,@seed-design/mcp@0.0.17,@seed-design/mcp@0.0.17,2025-04-22T08:33:14.000Z,github-actions[bot],false,2025,4,17,2
daangn/seed-design,@seed-design/figma@0.0.17,@seed-design/figma@0.0.17,2025-04-22T08:33:17.000Z,github-actions[bot],false,2025,4,17,2
daangn/seed-design,@seed-design/react@0.0.17,@seed-design/react@0.0.17,2025-04-22T08:33:20.000Z,github-actions[bot],false,2025,4,17,2
daangn/seed-design,@seed-design/rsbuild-plugin@0.0.17,@seed-design/rsbuild-plugin@0.0.17,2025-04-22T08:33:23.000Z,github-actions[bot],false,2025,4,17,2
daangn/seed-design,@seed-design/webpack-plugin@0.0.17,@seed-design/webpack-plugin@0.0.17,2025-04-22T08:33:26.000Z,github-actions[bot],false,2025,4,17,2
daangn/seed-design,@seed-design/vite-plugin@0.0.17,@seed-design/vite-plugin@0.0.17,2025-04-22T08:33:29.000Z,github-actions[bot],false,2025,4,17,2
daangn/seed-design,@seed-design/stackflow@0.0.17,@seed-design/stackflow@0.0.17,2025-04-22T08:33:32.000Z,github-actions[bot],false,2025,4,17,2
daangn/seed-design,@seed-design/figma@0.0.18,@seed-design/figma@0.0.18,2025-04-22T16:41:40.000Z,github-actions[bot],false,2025,4,17,3
daangn/seed-design,@seed-design/mcp@0.0.18,@seed-design/mcp@0.0.18,2025-04-22T16:41:43.000Z,github-actions[bot],false,2025,4,17,3
daangn/seed-design,@seed-design/figma@0.0.19,@seed-design/figma@0.0.19,2025-04-23T09:32:25.000Z,github-actions[bot],false,2025,4,17,3
daangn/seed-design,@seed-design/css@0.0.19,@seed-design/css@0.0.19,2025-04-23T09:32:28.000Z,github-actions[bot],false,2025,4,17,3
daangn/seed-design,@seed-design/mcp@0.0.19,@seed-design/mcp@0.0.19,2025-04-23T09:32:31.000Z,github-actions[bot],false,2025,4,17,3
daangn/seed-design,@seed-design/rsbuild-plugin@0.0.19,@seed-design/rsbuild-plugin@0.0.19,2025-04-23T09:32:34.000Z,github-actions[bot],false,2025,4,17,3
daangn/seed-design,@seed-design/stackflow@0.0.19,@seed-design/stackflow@0.0.19,2025-04-23T09:32:37.000Z,github-actions[bot],false,2025,4,17,3
daangn/seed-design,@seed-design/vite-plugin@0.0.19,@seed-design/vite-plugin@0.0.19,2025-04-23T09:32:40.000Z,github-actions[bot],false,2025,4,17,3
daangn/seed-design,@seed-design/react@0.0.19,@seed-design/react@0.0.19,2025-04-23T09:32:43.000Z,github-actions[bot],false,2025,4,17,3
daangn/seed-design,@seed-design/webpack-plugin@0.0.19,@seed-design/webpack-plugin@0.0.19,2025-04-23T09:32:46.000Z,github-actions[bot],false,2025,4,17,3
daangn/seed-design,@seed-design/figma@0.0.20,@seed-design/figma@0.0.20,2025-04-23T15:07:35.000Z,github-actions[bot],false,2025,4,17,4
daangn/seed-design,@seed-design/mcp@0.0.20,@seed-design/mcp@0.0.20,2025-04-23T15:07:38.000Z,github-actions[bot],false,2025,4,17,4
daangn/seed-design,@seed-design/figma-extractor@0.0.4,@seed-design/figma-extractor@0.0.4,2025-04-28T13:49:10.000Z,github-actions[bot],false,2025,4,18,1
daangn/seed-design,@seed-design/cli@0.0.2,@seed-design/cli@0.0.2,2025-04-28T13:49:13.000Z,github-actions[bot],false,2025,4,18,1
daangn/seed-design,@seed-design/codemod@0.0.22,@seed-design/codemod@0.0.22,2025-04-28T13:49:16.000Z,github-actions[bot],false,2025,4,18,1
daangn/seed-design,@seed-design/css@0.0.21,@seed-design/css@0.0.21,2025-04-28T13:49:19.000Z,github-actions[bot],false,2025,4,18,1
daangn/seed-design,@seed-design/design-token@1.0.4,@seed-design/design-token@1.0.4,2025-04-28T13:49:22.000Z,github-actions[bot],false,2025,4,18,1
daangn/seed-design,@seed-design/mcp@0.0.21,@seed-design/mcp@0.0.21,2025-04-28T13:49:25.000Z,github-actions[bot],false,2025,4,18,1
daangn/seed-design,@seed-design/react@0.0.21,@seed-design/react@0.0.21,2025-04-28T13:49:28.000Z,github-actions[bot],false,2025,4,18,1
daangn/seed-design,@seed-design/figma@0.0.21,@seed-design/figma@0.0.21,2025-04-28T13:49:31.000Z,github-actions[bot],false,2025,4,18,1
daangn/seed-design,@seed-design/react-checkbox@0.0.2,@seed-design/react-checkbox@0.0.2,2025-04-28T13:49:34.000Z,github-actions[bot],false,2025,4,18,1
daangn/seed-design,@seed-design/react-avatar@0.0.2,@seed-design/react-avatar@0.0.2,2025-04-28T13:49:37.000Z,github-actions[bot],false,2025,4,18,1
daangn/seed-design,@seed-design/react-primitive@0.0.2,@seed-design/react-primitive@0.0.2,2025-04-28T13:49:40.000Z,github-actions[bot],false,2025,4,18,1
daangn/seed-design,@seed-design/react-popover@0.0.5,@seed-design/react-popover@0.0.5,2025-04-28T13:49:43.000Z,github-actions[bot],false,2025,4,18,1
daangn/seed-design,@seed-design/react-dialog@0.0.3,@seed-design/react-dialog@0.0.3,2025-04-28T13:49:46.000Z,github-actions[bot],false,2025,4,18,1
daangn/seed-design,@seed-design/react-pull-to-refresh@0.0.3,@seed-design/react-pull-to-refresh@0.0.3,2025-04-28T13:49:49.000Z,github-actions[bot],false,2025,4,18,1
daangn/seed-design,@seed-design/react-radio-group@0.0.2,@seed-design/react-radio-group@0.0.2,2025-04-28T13:49:52.000Z,github-actions[bot],false,2025,4,18,1
daangn/seed-design,@seed-design/react-segmented-control@0.0.3,@seed-design/react-segmented-control@0.0.3,2025-04-28T13:49:55.000Z,github-actions[bot],false,2025,4,18,1
daangn/seed-design,@seed-design/react-progress@0.0.2,@seed-design/react-progress@0.0.2,2025-04-28T13:49:58.000Z,github-actions[bot],false,2025,4,18,1
daangn/seed-design,@seed-design/react-snackbar@0.0.3,@seed-design/react-snackbar@0.0.3,2025-04-28T13:50:01.000Z,github-actions[bot],false,2025,4,18,1
daangn/seed-design,@seed-design/react-tabs@0.0.4,@seed-design/react-tabs@0.0.4,2025-04-28T13:50:04.000Z,github-actions[bot],false,2025,4,18,1
daangn/seed-design,@seed-design/react-switch@0.0.2,@seed-design/react-switch@0.0.2,2025-04-28T13:50:07.000Z,github-actions[bot],false,2025,4,18,1
daangn/seed-design,@seed-design/react-text-field@0.0.2,@seed-design/react-text-field@0.0.2,2025-04-28T13:50:10.000Z,github-actions[bot],false,2025,4,18,1
daangn/seed-design,@seed-design/react-toggle@0.0.2,@seed-design/react-toggle@0.0.2,2025-04-28T13:50:13.000Z,github-actions[bot],false,2025,4,18,1
daangn/seed-design,@seed-design/rsbuild-plugin@0.0.21,@seed-design/rsbuild-plugin@0.0.21,2025-04-28T13:50:16.000Z,github-actions[bot],false,2025,4,18,1
daangn/seed-design,@seed-design/stackflow@0.0.21,@seed-design/stackflow@0.0.21,2025-04-28T13:50:19.000Z,github-actions[bot],false,2025,4,18,1
daangn/seed-design,@seed-design/tailwind3-plugin@0.0.21,@seed-design/tailwind3-plugin@0.0.21,2025-04-28T13:50:22.000Z,github-actions[bot],false,2025,4,18,1
daangn/seed-design,@seed-design/vite-plugin@0.0.21,@seed-design/vite-plugin@0.0.21,2025-04-28T13:50:25.000Z,github-actions[bot],false,2025,4,18,1
daangn/seed-design,@seed-design/dom-utils@0.0.2,@seed-design/dom-utils@0.0.2,2025-04-28T13:50:28.000Z,github-actions[bot],false,2025,4,18,1
daangn/seed-design,@seed-design/webpack-plugin@0.0.21,@seed-design/webpack-plugin@0.0.21,2025-04-28T13:50:31.000Z,github-actions[bot],false,2025,4,18,1
daangn/seed-design,@seed-design/tailwind4-theme@0.0.21,@seed-design/tailwind4-theme@0.0.21,2025-04-28T13:50:34.000Z,github-actions[bot],false,2025,4,18,1
daangn/seed-design,@seed-design/figma@0.0.22,@seed-design/figma@0.0.22,2025-04-28T17:13:04.000Z,github-actions[bot],false,2025,4,18,2
daangn/seed-design,@seed-design/mcp@0.0.22,@seed-design/mcp@0.0.22,2025-04-28T17:13:07.000Z,github-actions[bot],false,2025,4,18,2
daangn/seed-design,@seed-design/figma@0.0.23,@seed-design/figma@0.0.23,2025-05-02T08:30:08.000Z,github-actions[bot],false,2025,5,18,5
daangn/seed-design,@seed-design/css@0.0.23,@seed-design/css@0.0.23,2025-05-02T08:30:11.000Z,github-actions[bot],false,2025,5,18,5
daangn/seed-design,@seed-design/mcp@0.0.23,@seed-design/mcp@0.0.23,2025-05-02T08:30:14.000Z,github-actions[bot],false,2025,5,18,5
daangn/seed-design,@seed-design/react@0.0.23,@seed-design/react@0.0.23,2025-05-02T08:30:17.000Z,github-actions[bot],false,2025,5,18,5
daangn/seed-design,@seed-design/rsbuild-plugin@0.0.23,@seed-design/rsbuild-plugin@0.0.23,2025-05-02T08:30:20.000Z,github-actions[bot],false,2025,5,18,5
daangn/seed-design,@seed-design/vite-plugin@0.0.23,@seed-design/vite-plugin@0.0.23,2025-05-02T08:30:23.000Z,github-actions[bot],false,2025,5,18,5
daangn/seed-design,@seed-design/stackflow@0.0.23,@seed-design/stackflow@0.0.23,2025-05-02T08:30:26.000Z,github-actions[bot],false,2025,5,18,5
daangn/seed-design,@seed-design/webpack-plugin@0.0.23,@seed-design/webpack-plugin@0.0.23,2025-05-02T08:30:29.000Z,github-actions[bot],false,2025,5,18,5
daangn/seed-design,@seed-design/webpack-plugin@0.0.24,@seed-design/webpack-plugin@0.0.24,2025-05-08T05:35:03.000Z,github-actions[bot],false,2025,5,19,4
daangn/seed-design,@seed-design/css@0.0.24,@seed-design/css@0.0.24,2025-05-08T05:35:05.000Z,github-actions[bot],false,2025,5,19,4
daangn/seed-design,@seed-design/figma@0.0.24,@seed-design/figma@0.0.24,2025-05-08T05:35:08.000Z,github-actions[bot],false,2025,5,19,4
daangn/seed-design,@seed-design/react@0.0.24,@seed-design/react@0.0.24,2025-05-08T05:35:11.000Z,github-actions[bot],false,2025,5,19,4
daangn/seed-design,@seed-design/mcp@0.0.24,@seed-design/mcp@0.0.24,2025-05-08T05:35:14.000Z,github-actions[bot],false,2025,5,19,4
daangn/seed-design,@seed-design/react-portal@0.0.1,@seed-design/react-portal@0.0.1,2025-05-08T05:35:17.000Z,github-actions[bot],false,2025,5,19,4
daangn/seed-design,@seed-design/rsbuild-plugin@0.0.24,@seed-design/rsbuild-plugin@0.0.24,2025-05-08T05:35:20.000Z,github-actions[bot],false,2025,5,19,4
daangn/seed-design,@seed-design/stackflow@0.0.24,@seed-design/stackflow@0.0.24,2025-05-08T05:35:23.000Z,github-actions[bot],false,2025,5,19,4
daangn/seed-design,@seed-design/vite-plugin@0.0.24,@seed-design/vite-plugin@0.0.24,2025-05-08T05:35:26.000Z,github-actions[bot],false,2025,5,19,4
daangn/seed-design,@seed-design/stackflow@0.0.25,@seed-design/stackflow@0.0.25,2025-05-19T05:02:29.000Z,github-actions[bot],false,2025,5,21,1
daangn/seed-design,@seed-design/css@0.0.25,@seed-design/css@0.0.25,2025-05-19T05:02:32.000Z,github-actions[bot],false,2025,5,21,1
daangn/seed-design,@seed-design/figma@0.0.25,@seed-design/figma@0.0.25,2025-05-19T05:02:35.000Z,github-actions[bot],false,2025,5,21,1
daangn/seed-design,@seed-design/webpack-plugin@0.0.25,@seed-design/webpack-plugin@0.0.25,2025-05-19T05:02:38.000Z,github-actions[bot],false,2025,5,21,1
daangn/seed-design,@seed-design/mcp@0.0.25,@seed-design/mcp@0.0.25,2025-05-19T05:02:41.000Z,github-actions[bot],false,2025,5,21,1
daangn/seed-design,@seed-design/vite-plugin@0.0.25,@seed-design/vite-plugin@0.0.25,2025-05-19T05:02:44.000Z,github-actions[bot],false,2025,5,21,1
daangn/seed-design,@seed-design/codemod@0.0.23,@seed-design/codemod@0.0.23,2025-05-19T05:02:47.000Z,github-actions[bot],false,2025,5,21,1
daangn/seed-design,@seed-design/react@0.0.25,@seed-design/react@0.0.25,2025-05-19T05:02:50.000Z,github-actions[bot],false,2025,5,21,1
daangn/seed-design,@seed-design/rsbuild-plugin@0.0.25,@seed-design/rsbuild-plugin@0.0.25,2025-05-19T05:02:53.000Z,github-actions[bot],false,2025,5,21,1
daangn/seed-design,@seed-design/rsbuild-plugin@0.0.26,@seed-design/rsbuild-plugin@0.0.26,2025-05-21T08:31:32.000Z,github-actions[bot],false,2025,5,21,3
daangn/seed-design,@seed-design/vite-plugin@0.0.26,@seed-design/vite-plugin@0.0.26,2025-05-21T08:31:35.000Z,github-actions[bot],false,2025,5,21,3
daangn/seed-design,@seed-design/codemod@0.0.24,@seed-design/codemod@0.0.24,2025-05-21T08:31:38.000Z,github-actions[bot],false,2025,5,21,3
daangn/seed-design,@seed-design/webpack-plugin@0.0.26,@seed-design/webpack-plugin@0.0.26,2025-05-21T08:31:41.000Z,github-actions[bot],false,2025,5,21,3
daangn/seed-design,@seed-design/figma@0.0.27,@seed-design/figma@0.0.27,2025-05-29T04:11:35.000Z,github-actions[bot],false,2025,5,22,4
daangn/seed-design,@seed-design/react-radio-group@0.0.3,@seed-design/react-radio-group@0.0.3,2025-05-29T04:11:38.000Z,github-actions[bot],false,2025,5,22,4
daangn/seed-design,@seed-design/react-portal@0.0.2,@seed-design/react-portal@0.0.2,2025-05-29T04:11:41.000Z,github-actions[bot],false,2025,5,22,4
daangn/seed-design,@seed-design/mcp@0.0.27,@seed-design/mcp@0.0.27,2025-05-29T04:11:44.000Z,github-actions[bot],false,2025,5,22,4
daangn/seed-design,@seed-design/react-checkbox@0.0.3,@seed-design/react-checkbox@0.0.3,2025-05-29T04:11:47.000Z,github-actions[bot],false,2025,5,22,4
daangn/seed-design,@seed-design/react-avatar@0.0.3,@seed-design/react-avatar@0.0.3,2025-05-29T04:11:50.000Z,github-actions[bot],false,2025,5,22,4
daangn/seed-design,@seed-design/react-toggle@0.0.3,@seed-design/react-toggle@0.0.3,2025-05-29T04:11:53.000Z,github-actions[bot],false,2025,5,22,4
daangn/seed-design,@seed-design/react-dialog@0.0.4,@seed-design/react-dialog@0.0.4,2025-05-29T04:11:56.000Z,github-actions[bot],false,2025,5,22,4
daangn/seed-design,@seed-design/css@0.0.27,@seed-design/css@0.0.27,2025-05-29T04:11:59.000Z,github-actions[bot],false,2025,5,22,4
daangn/seed-design,@seed-design/react-popover@0.0.6,@seed-design/react-popover@0.0.6,2025-05-29T04:12:02.000Z,github-actions[bot],false,2025,5,22,4
daangn/seed-design,@seed-design/react-progress@0.0.3,@seed-design/react-progress@0.0.3,2025-05-29T04:12:05.000Z,github-actions[bot],false,2025,5,22,4
daangn/seed-design,@seed-design/vite-plugin@0.0.27,@seed-design/vite-plugin@0.0.27,2025-05-29T04:12:08.000Z,github-actions[bot],false,2025,5,22,4
daangn/seed-design,@seed-design/react-switch@0.0.3,@seed-design/react-switch@0.0.3,2025-05-29T04:12:11.000Z,github-actions[bot],false,2025,5,22,4
daangn/seed-design,@seed-design/webpack-plugin@0.0.27,@seed-design/webpack-plugin@0.0.27,2025-05-29T04:12:14.000Z,github-actions[bot],false,2025,5,22,4
daangn/seed-design,@seed-design/codemod@0.0.25,@seed-design/codemod@0.0.25,2025-05-29T04:12:17.000Z,github-actions[bot],false,2025,5,22,4
daangn/seed-design,@seed-design/react-pull-to-refresh@0.0.4,@seed-design/react-pull-to-refresh@0.0.4,2025-05-29T04:12:20.000Z,github-actions[bot],false,2025,5,22,4
daangn/seed-design,@seed-design/rsbuild-plugin@0.0.27,@seed-design/rsbuild-plugin@0.0.27,2025-05-29T04:12:23.000Z,github-actions[bot],false,2025,5,22,4
daangn/seed-design,@seed-design/react-text-field@0.0.3,@seed-design/react-text-field@0.0.3,2025-05-29T04:12:26.000Z,github-actions[bot],false,2025,5,22,4
daangn/seed-design,@seed-design/react@0.0.27,@seed-design/react@0.0.27,2025-05-29T04:12:29.000Z,github-actions[bot],false,2025,5,22,4
daangn/seed-design,@seed-design/react-snackbar@0.0.4,@seed-design/react-snackbar@0.0.4,2025-05-29T04:12:32.000Z,github-actions[bot],false,2025,5,22,4
daangn/seed-design,@seed-design/react-tabs@0.0.5,@seed-design/react-tabs@0.0.5,2025-05-29T04:12:35.000Z,github-actions[bot],false,2025,5,22,4
daangn/seed-design,@seed-design/react-segmented-control@0.0.4,@seed-design/react-segmented-control@0.0.4,2025-05-29T04:12:38.000Z,github-actions[bot],false,2025,5,22,4
daangn/seed-design,@seed-design/stackflow@0.0.27,@seed-design/stackflow@0.0.27,2025-05-29T04:12:41.000Z,github-actions[bot],false,2025,5,22,4
daangn/seed-design,@seed-design/figma@0.0.28,@seed-design/figma@0.0.28,2025-05-29T10:43:12.000Z,github-actions[bot],false,2025,5,22,4
daangn/seed-design,@seed-design/mcp@0.0.28,@seed-design/mcp@0.0.28,2025-05-29T10:43:15.000Z,github-actions[bot],false,2025,5,22,4
daangn/seed-design,@seed-design/css@0.0.28,@seed-design/css@0.0.28,2025-05-29T10:43:18.000Z,github-actions[bot],false,2025,5,22,4
daangn/seed-design,@seed-design/react@0.0.28,@seed-design/react@0.0.28,2025-05-29T10:43:21.000Z,github-actions[bot],false,2025,5,22,4
daangn/seed-design,@seed-design/vite-plugin@0.0.28,@seed-design/vite-plugin@0.0.28,2025-05-29T10:43:24.000Z,github-actions[bot],false,2025,5,22,4
daangn/seed-design,@seed-design/stackflow@0.0.28,@seed-design/stackflow@0.0.28,2025-05-29T10:43:27.000Z,github-actions[bot],false,2025,5,22,4
daangn/seed-design,@seed-design/webpack-plugin@0.0.28,@seed-design/webpack-plugin@0.0.28,2025-05-29T10:43:30.000Z,github-actions[bot],false,2025,5,22,4
daangn/seed-design,@seed-design/rsbuild-plugin@0.0.28,@seed-design/rsbuild-plugin@0.0.28,2025-05-29T10:43:33.000Z,github-actions[bot],false,2025,5,22,4
daangn/seed-design,@seed-design/react-avatar@0.0.4,@seed-design/react-avatar@0.0.4,2025-05-30T12:57:28.000Z,github-actions[bot],false,2025,5,22,5
daangn/seed-design,@seed-design/css@0.0.29,@seed-design/css@0.0.29,2025-05-30T12:57:30.000Z,github-actions[bot],false,2025,5,22,5
daangn/seed-design,@seed-design/react-checkbox@0.0.4,@seed-design/react-checkbox@0.0.4,2025-05-30T12:57:33.000Z,github-actions[bot],false,2025,5,22,5
daangn/seed-design,@seed-design/react@0.0.29,@seed-design/react@0.0.29,2025-05-30T12:57:36.000Z,github-actions[bot],false,2025,5,22,5
daangn/seed-design,@seed-design/react-dialog@0.0.5,@seed-design/react-dialog@0.0.5,2025-05-30T12:57:39.000Z,github-actions[bot],false,2025,5,22,5
daangn/seed-design,@seed-design/react-segmented-control@0.0.5,@seed-design/react-segmented-control@0.0.5,2025-05-30T12:57:42.000Z,github-actions[bot],false,2025,5,22,5
daangn/seed-design,@seed-design/react-primitive@0.0.3,@seed-design/react-primitive@0.0.3,2025-05-30T12:57:45.000Z,github-actions[bot],false,2025,5,22,5
daangn/seed-design,@seed-design/react-popover@0.0.7,@seed-design/react-popover@0.0.7,2025-05-30T12:57:48.000Z,github-actions[bot],false,2025,5,22,5
daangn/seed-design,@seed-design/react-snackbar@0.0.5,@seed-design/react-snackbar@0.0.5,2025-05-30T12:57:51.000Z,github-actions[bot],false,2025,5,22,5
daangn/seed-design,@seed-design/mcp@0.0.29,@seed-design/mcp@0.0.29,2025-05-30T12:57:54.000Z,github-actions[bot],false,2025,5,22,5
daangn/seed-design,@seed-design/react-progress@0.0.4,@seed-design/react-progress@0.0.4,2025-05-30T12:57:57.000Z,github-actions[bot],false,2025,5,22,5
daangn/seed-design,@seed-design/figma@0.0.29,@seed-design/figma@0.0.29,2025-05-30T12:58:00.000Z,github-actions[bot],false,2025,5,22,5
daangn/seed-design,@seed-design/stackflow@0.0.29,@seed-design/stackflow@0.0.29,2025-05-30T12:58:03.000Z,github-actions[bot],false,2025,5,22,5
daangn/seed-design,@seed-design/react-switch@0.0.4,@seed-design/react-switch@0.0.4,2025-05-30T12:58:06.000Z,github-actions[bot],false,2025,5,22,5
daangn/seed-design,@seed-design/react-toggle@0.0.4,@seed-design/react-toggle@0.0.4,2025-05-30T12:58:09.000Z,github-actions[bot],false,2025,5,22,5
daangn/seed-design,@seed-design/react-pull-to-refresh@0.0.5,@seed-design/react-pull-to-refresh@0.0.5,2025-05-30T12:58:12.000Z,github-actions[bot],false,2025,5,22,5
daangn/seed-design,@seed-design/react-text-field@0.0.4,@seed-design/react-text-field@0.0.4,2025-05-30T12:58:15.000Z,github-actions[bot],false,2025,5,22,5
daangn/seed-design,@seed-design/react-tabs@0.0.6,@seed-design/react-tabs@0.0.6,2025-05-30T12:58:18.000Z,github-actions[bot],false,2025,5,22,5
daangn/seed-design,@seed-design/vite-plugin@0.0.29,@seed-design/vite-plugin@0.0.29,2025-05-30T12:58:21.000Z,github-actions[bot],false,2025,5,22,5
daangn/seed-design,@seed-design/react-radio-group@0.0.4,@seed-design/react-radio-group@0.0.4,2025-05-30T12:58:24.000Z,github-actions[bot],false,2025,5,22,5
daangn/seed-design,@seed-design/rsbuild-plugin@0.0.29,@seed-design/rsbuild-plugin@0.0.29,2025-05-30T12:58:27.000Z,github-actions[bot],false,2025,5,22,5
daangn/seed-design,@seed-design/webpack-plugin@0.0.29,@seed-design/webpack-plugin@0.0.29,2025-05-30T12:58:30.000Z,github-actions[bot],false,2025,5,22,5
daangn/seed-design,@seed-design/mcp@0.0.30,@seed-design/mcp@0.0.30,2025-06-02T10:01:43.000Z,github-actions[bot],false,2025,6,23,1
daangn/seed-design,@seed-design/rsbuild-plugin@0.0.30,@seed-design/rsbuild-plugin@0.0.30,2025-06-02T10:01:46.000Z,github-actions[bot],false,2025,6,23,1
daangn/seed-design,@seed-design/stackflow@0.0.30,@seed-design/stackflow@0.0.30,2025-06-02T10:01:49.000Z,github-actions[bot],false,2025,6,23,1
daangn/seed-design,@seed-design/webpack-plugin@0.0.30,@seed-design/webpack-plugin@0.0.30,2025-06-02T10:01:52.000Z,github-actions[bot],false,2025,6,23,1
daangn/seed-design,@seed-design/figma@0.0.30,@seed-design/figma@0.0.30,2025-06-02T10:01:55.000Z,github-actions[bot],false,2025,6,23,1
daangn/seed-design,@seed-design/react-pull-to-refresh@0.0.6,@seed-design/react-pull-to-refresh@0.0.6,2025-06-02T10:01:58.000Z,github-actions[bot],false,2025,6,23,1
daangn/seed-design,@seed-design/react@0.0.30,@seed-design/react@0.0.30,2025-06-02T10:02:01.000Z,github-actions[bot],false,2025,6,23,1
daangn/seed-design,@seed-design/css@0.0.30,@seed-design/css@0.0.30,2025-06-02T10:02:04.000Z,github-actions[bot],false,2025,6,23,1
daangn/seed-design,@seed-design/react-tabs@0.0.7,@seed-design/react-tabs@0.0.7,2025-06-02T10:02:07.000Z,github-actions[bot],false,2025,6,23,1
daangn/seed-design,@seed-design/vite-plugin@0.0.30,@seed-design/vite-plugin@0.0.30,2025-06-02T10:02:10.000Z,github-actions[bot],false,2025,6,23,1
